Domain,Hotel,Relevant_URL,Contact_Method,Authority_Est,Existing_Boating_Content,Collaboration_Potential,Outreach_Status,Notes
puertobanus.com,Puerto Banús Official,things-to-do,contact form,8,Unknown,High,Ready,Official port guide - high relevance
marbella.com,Marbella Official Tourism,experiences,contact form,9,Unknown,High,Ready,Andalusia tourism authority
nh-collection.com,NH Collection Marbella,activities,contact form,7,Possible,Medium,Ready,Premium hotel chain
anastasiaboutique.com,Anastasia Boutique Hotel,marbella-guide,email,6,Unknown,Medium,Ready,"Small luxury property, concierge-focused"
goldenbeehotel.com,Golden Bee Hotel Puerto Banús,activities,contact form,5,Unknown,Low,Ready,"Mid-range hotel, activities page"
puertobanusvillas.com,Puerto Banús Villa Rentals,guest-guide,contact form,6,Possible,High,Ready,High-end vacation rental company
thecostadelsollife.com,Costa del Sol Travel Blog,marbella-experiences,email,7,Medium,High,Ready,Travel blogger with Marbella focus
luxurymarbellarentals.com,Marbella Luxury Rentals,concierge-services,contact form,5,Unknown,High,Ready,"Villa rental concierge marketplace"
marbellatourism.es,Marbella Tourism Board,puerto-banus-guide,contact form,8,Unknown,High,Ready,"Official municipal tourism board"
puertobanusbiz.com,Puerto Banús Business Guide,local-experiences,contact form,6,Unknown,Medium,Ready,"Local business directory with content"
spanishluxuryrentals.com,Spanish Luxury Rentals,things-to-do,email,6,Possible,High,Ready,"Operates in Marbella, high-end clients"
sunnycostarentals.com,Sunny Costa Rentals,guest-guide,contact form,5,Unknown,Medium,Ready,"Villa/apartment rental guide"
experiencemarbella.com,Experience Marbella,activities-guide,email,7,Medium,High,Ready,"Local experiences platform"
marbellahotelgroup.com,Marbella Hotel Group,concierge-resources,contact form,6,Unknown,Medium,Ready,"Multi-property hotel operator"
visitmarbellacostaelsol.com,Visit Marbella Costa del Sol,experiences,contact form,7,Unknown,High,Ready,"Tourism portal + guide"
goldenmilepuertoabanus.com,Golden Mile & Puerto Banús Guide,day-activities,email,6,Possible,High,Ready,"Beach resort activities guide"
luxeventures.es,Luxe Ventures Concierge,client-experiences,contact form,7,Medium,High,Ready,"Concierge for luxury vacation planners"
marbellaexclusives.com,Marbella Exclusives Villa Rentals,things-to-do,email,5,Unknown,High,Ready,"High-end villa rental company"
costaDelsolbeaches.org,Costa del Sol Beaches Guide,activities-marbella,contact form,6,Low,Medium,Ready,"Beach-focused travel site"
puertobanusdining.com,Puerto Banús Dining & Activities,things-to-do,email,5,Unknown,Low,Ready,"Dining guide with activities section"
