Domain,Blog_Name,Marbella_Content,Authority_Est,Traffic_Quality,Author_Contact,Link_Potential,Notes,Outreach_Status
nomadicmatt.com,Nomadic Matt,Spain guides + Marbella,9,High,contact@,High,"Travel authority, luxury content",Ready
theblondabroad.com,The Blonde Abroad,Europe travel + Marbella,8,High,partnerships@,High,"Large audience, travel influencer",Ready
travellemonde.com,Travel Lemonde,Costa del Sol focus,7,Medium,hello@,High,"Specialist in Costa del Sol",Ready
marbelladiaries.com,Marbella Diaries,Daily Marbella content,6,Medium,contact@,Medium,"Local lifestyle blog",Ready
luxurymarbellalife.com,Luxury Marbella Life,High-end Marbella,7,High,info@,High,"Luxury lifestyle focus",Ready
spaintourismguide.com,Spain Tourism Guide,Regional coverage,7,Medium,submit@,Medium,"Authoritative regional guide",Ready
puertobanusblog.es,Puerto Banús Blog,Local focus,6,Low,contact@,Medium,"Small but targeted audience",Ready
costaDelsoltrips.com,Costa del Sol Trips,Marbella section,6,Medium,hello@,High,"Trip planning focused",Ready
spanishsummer.com,Spanish Summer,Spain travel + Marbella,7,Medium,reach@,High,"Seasonal content strategy",Ready
experiencecostaelsol.com,Experience Costa del Sol,Regional experiences,6,Medium,info@,Medium,"Experience-focused platform",Ready
marbellatravelguide.eu,Marbella Travel Guide,Comprehensive guide,6,Medium,contact@,High,"SEO-focused travel guide",Ready
luxetravel.eu,Luxe Travel Europe,Luxury positioning,8,High,partnerships@,High,"High-end travel audience",Ready
beachholidayspain.com,Beach Holidays Spain,Beach + activities,5,Medium,info@,Medium,"Beach-focused traveler site",Ready
yachtingmarbella.net,Yachting Marbella,Yacht-focused,7,High,contact@,High,"Directly relevant niche",Ready
marbellaexperiences.com,Marbella Experiences,Day activities,6,Medium,hello@,Medium,"Activities portal",Ready
coastalspain.com,Coastal Spain,Regional travel,7,Medium,contact@,Medium,"Coastal travel specialist",Ready
luxuryvacationspain.com,Luxury Vacations Spain,High-end travel,7,High,partnerships@,High,"Luxury vacation planning",Ready
discovermarbella.com,Discover Marbella,Tourism guide,6,Low,contact@,Medium,"Basic tourism coverage",Ready
spainholidayplanner.com,Spain Holiday Planner,Marbella section,5,Low,info@,Low,"Generic directory-style",Ready
marbellaadventures.com,Marbella Adventures,Adventure activities,6,Medium,contact@,Medium,"Activities-focused blog",Ready
